Title,PosterPath,TrailerUrl
"Dune Part Two","https://picsum.photos/seed/dune-part-two/400/240","https://www.youtube.com/results?search_query=Dune+Part+Two+official+trailer"
"Oppenheimer","https://picsum.photos/seed/oppenheimer/400/240","https://www.youtube.com/results?search_query=Oppenheimer+official+trailer"
"Barbie","https://picsum.photos/seed/barbie/400/240","https://www.youtube.com/results?search_query=Barbie+official+trailer"
"Avatar The Way of Water","https://picsum.photos/seed/avatar-the-way-of-water/400/240","https://www.youtube.com/results?search_query=Avatar+The+Way+of+Water+official+trailer"
"Top Gun Maverick","https://picsum.photos/seed/top-gun-maverick/400/240","https://www.youtube.com/results?search_query=Top+Gun+Maverick+official+trailer"
"The Batman","https://picsum.photos/seed/the-batman/400/240","https://www.youtube.com/results?search_query=The+Batman+official+trailer"
"Spider Man No Way Home","https://picsum.photos/seed/spider-man-no-way-home/400/240","https://www.youtube.com/results?search_query=Spider+Man+No+Way+Home+official+trailer"
"Doctor Strange in the Multiverse of Madness","https://picsum.photos/seed/doctor-strange-in-the-multiverse-of-madness/400/240","https://www.youtube.com/results?search_query=Doctor+Strange+in+the+Multiverse+of+Madness+official+trailer"
"Black Panther Wakanda Forever","https://picsum.photos/seed/black-panther-wakanda-forever/400/240","https://www.youtube.com/results?search_query=Black+Panther+Wakanda+Forever+official+trailer"
"Mission Impossible Dead Reckoning","https://picsum.photos/seed/mission-impossible-dead-reckoning/400/240","https://www.youtube.com/results?search_query=Mission+Impossible+Dead+Reckoning+official+trailer"
"John Wick Chapter 4","https://picsum.photos/seed/john-wick-chapter-4/400/240","https://www.youtube.com/results?search_query=John+Wick+Chapter+4+official+trailer"
"The Killer","https://picsum.photos/seed/the-killer/400/240","https://www.youtube.com/results?search_query=The+Killer+official+trailer"
"Extraction 2","https://picsum.photos/seed/extraction-2/400/240","https://www.youtube.com/results?search_query=Extraction+2+official+trailer"
"The Gray Man","https://picsum.photos/seed/the-gray-man/400/240","https://www.youtube.com/results?search_query=The+Gray+Man+official+trailer"
"The Hunger Games The Ballad of Songbirds and Snakes","https://picsum.photos/seed/the-hunger-games-the-ballad-of-songbirds-and-snakes/400/240","https://www.youtube.com/results?search_query=The+Hunger+Games+The+Ballad+of+Songbirds+and+Snakes+official+trailer"
"Wonka","https://picsum.photos/seed/wonka/400/240","https://www.youtube.com/results?search_query=Wonka+official+trailer"
"Inside Out 2","https://picsum.photos/seed/inside-out-2/400/240","https://www.youtube.com/results?search_query=Inside+Out+2+official+trailer"
"Kung Fu Panda 4","https://picsum.photos/seed/kung-fu-panda-4/400/240","https://www.youtube.com/results?search_query=Kung+Fu+Panda+4+official+trailer"
"Moana","https://picsum.photos/seed/moana/400/240","https://www.youtube.com/results?search_query=Moana+official+trailer"
"Frozen II","https://picsum.photos/seed/frozen-ii/400/240","https://www.youtube.com/results?search_query=Frozen+II+official+trailer"
"Encanto","https://picsum.photos/seed/encanto/400/240","https://www.youtube.com/results?search_query=Encanto+official+trailer"
"Coco","https://picsum.photos/seed/coco/400/240","https://www.youtube.com/results?search_query=Coco+official+trailer"
"Soul","https://picsum.photos/seed/soul/400/240","https://www.youtube.com/results?search_query=Soul+official+trailer"
"Luca","https://picsum.photos/seed/luca/400/240","https://www.youtube.com/results?search_query=Luca+official+trailer"
"Elemental","https://picsum.photos/seed/elemental/400/240","https://www.youtube.com/results?search_query=Elemental+official+trailer"
"Interstellar","https://picsum.photos/seed/interstellar/400/240","https://www.youtube.com/results?search_query=Interstellar+official+trailer"
"Inception","https://picsum.photos/seed/inception/400/240","https://www.youtube.com/results?search_query=Inception+official+trailer"
"The Dark Knight","https://picsum.photos/seed/the-dark-knight/400/240","https://www.youtube.com/results?search_query=The+Dark+Knight+official+trailer"
"Mad Max Fury Road","https://picsum.photos/seed/mad-max-fury-road/400/240","https://www.youtube.com/results?search_query=Mad+Max+Fury+Road+official+trailer"
"Blade Runner 2049","https://picsum.photos/seed/blade-runner-2049/400/240","https://www.youtube.com/results?search_query=Blade+Runner+2049+official+trailer"
"The Matrix","https://picsum.photos/seed/the-matrix/400/240","https://www.youtube.com/results?search_query=The+Matrix+official+trailer"
"The Shawshank Redemption","https://picsum.photos/seed/the-shawshank-redemption/400/240","https://www.youtube.com/results?search_query=The+Shawshank+Redemption+official+trailer"
"Forrest Gump","https://picsum.photos/seed/forrest-gump/400/240","https://www.youtube.com/results?search_query=Forrest+Gump+official+trailer"
"Fight Club","https://picsum.photos/seed/fight-club/400/240","https://www.youtube.com/results?search_query=Fight+Club+official+trailer"
"The Social Network","https://picsum.photos/seed/the-social-network/400/240","https://www.youtube.com/results?search_query=The+Social+Network+official+trailer"
"Whiplash","https://picsum.photos/seed/whiplash/400/240","https://www.youtube.com/results?search_query=Whiplash+official+trailer"
"Parasite","https://picsum.photos/seed/parasite/400/240","https://www.youtube.com/results?search_query=Parasite+official+trailer"
"Everything Everywhere All at Once","https://picsum.photos/seed/everything-everywhere-all-at-once/400/240","https://www.youtube.com/results?search_query=Everything+Everywhere+All+at+Once+official+trailer"
"La La Land","https://picsum.photos/seed/la-la-land/400/240","https://www.youtube.com/results?search_query=La+La+Land+official+trailer"
"The Grand Budapest Hotel","https://picsum.photos/seed/the-grand-budapest-hotel/400/240","https://www.youtube.com/results?search_query=The+Grand+Budapest+Hotel+official+trailer"
"Knives Out","https://picsum.photos/seed/knives-out/400/240","https://www.youtube.com/results?search_query=Knives+Out+official+trailer"
"Glass Onion","https://picsum.photos/seed/glass-onion/400/240","https://www.youtube.com/results?search_query=Glass+Onion+official+trailer"
"No Time To Die","https://picsum.photos/seed/no-time-to-die/400/240","https://www.youtube.com/results?search_query=No+Time+To+Die+official+trailer"
"Skyfall","https://picsum.photos/seed/skyfall/400/240","https://www.youtube.com/results?search_query=Skyfall+official+trailer"
"Casino Royale","https://picsum.photos/seed/casino-royale/400/240","https://www.youtube.com/results?search_query=Casino+Royale+official+trailer"
"The Lord of the Rings The Fellowship of the Ring","https://picsum.photos/seed/the-lord-of-the-rings-the-fellowship-of-the-ring/400/240","https://www.youtube.com/results?search_query=The+Lord+of+the+Rings+The+Fellowship+of+the+Ring+official+trailer"
"The Lord of the Rings The Two Towers","https://picsum.photos/seed/the-lord-of-the-rings-the-two-towers/400/240","https://www.youtube.com/results?search_query=The+Lord+of+the+Rings+The+Two+Towers+official+trailer"
"The Lord of the Rings The Return of the King","https://picsum.photos/seed/the-lord-of-the-rings-the-return-of-the-king/400/240","https://www.youtube.com/results?search_query=The+Lord+of+the+Rings+The+Return+of+the+King+official+trailer"
"Harry Potter and the Sorcerers Stone","https://picsum.photos/seed/harry-potter-and-the-sorcerers-stone/400/240","https://www.youtube.com/results?search_query=Harry+Potter+and+the+Sorcerers+Stone+official+trailer"
"Harry Potter and the Deathly Hallows Part 2","https://picsum.photos/seed/harry-potter-and-the-deathly-hallows-part-2/400/240","https://www.youtube.com/results?search_query=Harry+Potter+and+the+Deathly+Hallows+Part+2+official+trailer"
